timestamp_utc,currency,event,impact
2025-01-29T19:00:00Z,USD,FOMC Statement / Rate Decision,High
2025-01-29T19:30:00Z,USD,FOMC Press Conference,High
2025-03-19T18:00:00Z,USD,FOMC Statement / Rate Decision,High
2025-03-19T18:30:00Z,USD,FOMC Press Conference,High
2025-05-07T18:00:00Z,USD,FOMC Statement / Rate Decision,High
2025-05-07T18:30:00Z,USD,FOMC Press Conference,High
2025-06-18T18:00:00Z,USD,FOMC Statement / Rate Decision,High
2025-06-18T18:30:00Z,USD,FOMC Press Conference,High
2025-07-30T18:00:00Z,USD,FOMC Statement / Rate Decision,High
2025-07-30T18:30:00Z,USD,FOMC Press Conference,High
2025-09-17T18:00:00Z,USD,FOMC Statement / Rate Decision,High
2025-09-17T18:30:00Z,USD,FOMC Press Conference,High
2025-10-29T18:00:00Z,USD,FOMC Statement / Rate Decision,High
2025-10-29T18:30:00Z,USD,FOMC Press Conference,High
2025-12-10T19:00:00Z,USD,FOMC Statement / Rate Decision,High
2025-12-10T19:30:00Z,USD,FOMC Press Conference,High
2025-12-16T13:30:00Z,USD,Non-Farm Payrolls,High
2025-12-18T13:30:00Z,USD,CPI,High
2026-01-09T13:30:00Z,USD,Non-Farm Payrolls,High
2026-01-13T13:30:00Z,USD,CPI,High
2026-01-14T13:30:00Z,USD,PPI,High
2026-01-22T13:30:00Z,USD,GDP,High
2026-01-22T15:00:00Z,USD,Core PCE,High
2026-01-28T19:00:00Z,USD,FOMC Statement / Rate Decision,High
2026-01-28T19:30:00Z,USD,FOMC Press Conference,High
2026-01-30T13:30:00Z,USD,PPI,High
2026-02-11T13:30:00Z,USD,Non-Farm Payrolls,High
2026-02-13T13:30:00Z,USD,CPI,High
2026-02-20T13:30:00Z,USD,Core PCE,High
2026-02-20T13:30:00Z,USD,GDP,High
2026-02-27T13:30:00Z,USD,PPI,High
2026-03-06T13:30:00Z,USD,Non-Farm Payrolls,High
2026-03-11T12:30:00Z,USD,CPI,High
2026-03-13T12:30:00Z,USD,Core PCE,High
2026-03-13T12:30:00Z,USD,GDP,High
2026-03-18T12:30:00Z,USD,PPI,High
2026-03-18T18:00:00Z,USD,FOMC Statement / Rate Decision,High
2026-03-18T18:30:00Z,USD,FOMC Press Conference,High
2026-04-03T12:30:00Z,USD,Non-Farm Payrolls,High
2026-04-09T12:30:00Z,USD,Core PCE,High
2026-04-09T12:30:00Z,USD,GDP,High
2026-04-10T12:30:00Z,USD,CPI,High
2026-04-14T12:30:00Z,USD,PPI,High
2026-04-29T18:00:00Z,USD,FOMC Statement / Rate Decision,High
2026-04-29T18:30:00Z,USD,FOMC Press Conference,High
2026-04-30T12:30:00Z,USD,Core PCE,High
2026-04-30T12:30:00Z,USD,GDP,High
2026-05-08T12:30:00Z,USD,Non-Farm Payrolls,High
2026-05-12T12:30:00Z,USD,CPI,High
2026-05-13T12:30:00Z,USD,PPI,High
2026-05-28T12:30:00Z,USD,Core PCE,High
2026-05-28T12:30:00Z,USD,GDP,High
2026-06-05T12:30:00Z,USD,Non-Farm Payrolls,High
2026-06-10T12:30:00Z,USD,CPI,High
2026-06-11T12:30:00Z,USD,PPI,High
2026-06-17T18:00:00Z,USD,FOMC Statement / Rate Decision,High
2026-06-17T18:30:00Z,USD,FOMC Press Conference,High
2026-06-25T12:30:00Z,USD,Core PCE,High
2026-06-25T12:30:00Z,USD,GDP,High
2026-07-02T12:30:00Z,USD,Non-Farm Payrolls,High
2026-07-14T12:30:00Z,USD,CPI,High
2026-07-15T12:30:00Z,USD,PPI,High
2026-07-29T18:00:00Z,USD,FOMC Statement / Rate Decision,High
2026-07-29T18:30:00Z,USD,FOMC Press Conference,High
2026-07-30T12:30:00Z,USD,Core PCE,High
2026-07-30T12:30:00Z,USD,GDP,High
2026-08-07T12:30:00Z,USD,Non-Farm Payrolls,High
2026-08-12T12:30:00Z,USD,CPI,High
2026-08-13T12:30:00Z,USD,PPI,High
2026-08-26T12:30:00Z,USD,Core PCE,High
2026-08-26T12:30:00Z,USD,GDP,High
2026-09-04T12:30:00Z,USD,Non-Farm Payrolls,High
2026-09-10T12:30:00Z,USD,PPI,High
2026-09-11T12:30:00Z,USD,CPI,High
2026-09-16T18:00:00Z,USD,FOMC Statement / Rate Decision,High
2026-09-16T18:30:00Z,USD,FOMC Press Conference,High
2026-09-30T12:30:00Z,USD,Core PCE,High
2026-09-30T12:30:00Z,USD,GDP,High
2026-10-02T12:30:00Z,USD,Non-Farm Payrolls,High
2026-10-14T12:30:00Z,USD,CPI,High
2026-10-15T12:30:00Z,USD,PPI,High
2026-10-28T18:00:00Z,USD,FOMC Statement / Rate Decision,High
2026-10-28T18:30:00Z,USD,FOMC Press Conference,High
2026-10-29T12:30:00Z,USD,Core PCE,High
2026-10-29T12:30:00Z,USD,GDP,High
2026-11-06T13:30:00Z,USD,Non-Farm Payrolls,High
2026-11-10T13:30:00Z,USD,CPI,High
2026-11-13T13:30:00Z,USD,PPI,High
2026-11-25T13:30:00Z,USD,Core PCE,High
2026-11-25T13:30:00Z,USD,GDP,High
2026-12-04T13:30:00Z,USD,Non-Farm Payrolls,High
2026-12-09T19:00:00Z,USD,FOMC Statement / Rate Decision,High
2026-12-09T19:30:00Z,USD,FOMC Press Conference,High
2026-12-10T13:30:00Z,USD,CPI,High
2026-12-15T13:30:00Z,USD,PPI,High
2026-12-23T13:30:00Z,USD,Core PCE,High
2026-12-23T13:30:00Z,USD,GDP,High
